{
  "dof" : 7,
  "name" : "WAM Arm 7 DOF",
  "shortname" : "wam7",

  "dh_parms" : [ ["-pi/2" ,0 , 0, "q" ],
                 [ "pi/2" , 0, 0, "q" ],
                 ["-pi/2" ,  0.045 , 0.55, "q" ],
                 [ "pi/2" , -0.045, 0, "q" ],
                 ["-pi/2" , 0, 0.3 , "q" ],
                 [ "pi/2" , 0, 0, "q" ],
                 [ 0, 0, 0.06, "q" ]
               ],

  "dyn_parms_com" : {
                          "inertia_values_symmetric_to_tensor_elements" : true,

                          "m_1"    : 10.76768767,
                          "r_1x"   : -0.00443422,
                          "r_1y"   :  0.12189039,
                          "r_1z"   : -0.00066489,
                          "sI_1xx" :  0.13488033,
                          "sI_1xy" : -0.00213041,
                          "sI_1xz" : -0.00012485,
                          "sI_1yy" :  0.11328369,
                          "sI_1yz" :  0.00068555,
                          "sI_1zz" :  0.09046330,

                          "m_2"    :  3.87493756,
                          "r_2x"   : -0.00236983,
                          "r_2y"   :  0.03105614,
                          "r_2z"   :  0.01542114,
                          "sI_2xx" :  0.02140958,
                          "sI_2xy" :  0.00027172,
                          "sI_2xz" :  0.00002461,
                          "sI_2yy" :  0.01377875,
                          "sI_2yz" : -0.00181920,
                          "sI_2zz" :  0.01558906,

                          "m_3"    :  1.80228141,
                          "r_3x"   : -0.03825858,
                          "r_3y"   :  0.20750770,
                          "r_3z"   :  0.00003309,
                          "sI_3xx" :  0.05911077,
                          "sI_3xy" : -0.00249612,
                          "sI_3xz" :  0.00000738,
                          "sI_3yy" :  0.00324550,
                          "sI_3yz" : -0.00001767,
                          "sI_3zz" :  0.05927043,

                          "m_4"    :  2.40016804,
                          "r_4x"   :  0.00498512,
                          "r_4y"   : -0.00022942,
                          "r_4z"   :  0.13271662,
                          "sI_4xx" :  0.01491672,
                          "sI_4xy" :  0.00001741,
                          "sI_4xz" : -0.00150604,
                          "sI_4yy" :  0.01482922,
                          "sI_4yz" : -0.00002109,
                          "sI_4zz" :  0.00294463,

                          "m_5"    :  0.12376019,
                          "r_5x"   :  0.00008921,
                          "r_5y"   :  0.00511217,
                          "r_5z"   :  0.00435824,
                          "sI_5xx" :  0.00005029,
                          "sI_5xy" :  0.00000020,
                          "sI_5xz" : -0.00000005,
                          "sI_5yy" :  0.00007582,
                          "sI_5yz" : -0.00000359,
                          "sI_5zz" :  0.00006270,

                          "m_6"    :  0.41797364,
                          "r_6x"   : -0.00012262,
                          "r_6y"   : -0.01703194,
                          "r_6z"   :  0.02468336,
                          "sI_6xx" :  0.00055516,
                          "sI_6xy" :  0.00000061,
                          "sI_6xz" : -0.00000074,
                          "sI_6yy" :  0.00024367,
                          "sI_6yz" : -0.00004590,
                          "sI_6zz" :  0.00045358,

                          "m_7"    :  0.06864753,
                          "r_7x"   : -0.00007974,
                          "r_7y"   :  0.00016313,
                          "r_7z"   : -0.00323552,
                          "sI_7xx" :  0.00003773,
                          "sI_7xy" : -0.00000019,
                          "sI_7xz" :  0.00000000,
                          "sI_7yy" :  0.00003806,
                          "sI_7yz" :  0.00000000,
                          "sI_7zz" :  0.00007408
                    }

}
